federal,courts,1
associate,judge,2
spiritual,leader,1
nervous,people,1
succesfull,attacks,1
arab,attacks,1
eastern,city,1
several,people,1
hostile,fire,1
sunni,heartland,2
yound,bride,1
newlywed,bride,1
enormous,amount,1
bad,tradeoff,2
hostile,crowd,1
high,officials,1
miniscule,number,1
eventually,history,1
freewheeling,environment,1
mathematical,proof,1
good,idea,3
respectable,idea,1
entire,article,1
secular,nationalism,1
israeli,colonization,1
terrorist,attacks,2
radical,groups,3
palestinian,leadership,3
major,leaders,1
local,leaders,1
palestinian,leaders,1
palestinian,struggle,1
best,posters,1
young,men,1
muslim,men,1
effective,weapon,1
wide,range,1
iraqi,forces,2
political,forces,1
religious,leader,1
muslim,clerics,2
immediate,revenge,1
general,strike,2
big,demonstration,1
radical,cleric,2
shiite,cleric,2
israeli,authority,1
terrorist,acts,2
american,occupation,1
palestinian,people,1
israeli,occupation,2
unrelated,incidents,1
first,whispers,1
most,investors,1
profitable,model,1
flawless,execution,1
real,profit,1
high,price,1
great,engine,1
real,support,1
successful,engine,1
blessed,lack,1
laudatory,lack,1
efficient,ads,1
simple,interface,1
fewest,features,1
low,end,1
other,problem,1
most,users,1
likely,valuation,1
high,valuation,1
huge,chunk,1
next,engine,1
whole,lot,2
swedish,newspaper,1
new,contest,1
fun,contest,1
international,contest,1
western,papers,1
long,fair,1
top,cartoons,1
cute,stunt,1
little,stunt,1
precious,cartoons,1
fair,numbers,1
iraqi,noncombatants,1
armed,clashes,1
several,cities,1
northern,cities,1
iraqi,cities,1
aged,cousin,1
iraqi,society,1
first,cousins,1
substantial,shame,1
other,cities,2
sunni,boycott,2
sunni,vote,1
sunni,regions,1
arab,regions,1
sunni,participation,1
political,implications,1
black,satire,1
next,couple,2
hottest,item,1
nuclear,weapons,10
better,ones,1
last,years,7
few,years,5
nuclear,program,1
same,time,3
iranian,group,1
covert,program,1
arial,photos,2
loose,connections,1
best,nukes,1
new,weapons,1
other,countries,3
nuclear,strength,1
slightest,concern,1
chemical,weapons,1
dual,citizens,1
normal,procedure,1
mythical,street,1
arab,street,1
military,violence,1
other,words,2
own,choice,1
last,year,3
southern,city,1
first,bridge,1
other,bridges,1
federal,court,1
american,citizens,1
immediate,family,1
illegal,militias,1
own,making,1
other,writers,1
little,bit,5
whole,column,1
main,theme,1
steep,cliff,1
other,horsemen,1
western,scene,1
good,decisions,1
long,story,1
good,judges,1
first,service,1
inaugural,service,1
rambling,response,1
random,speculation,1
new,browser,1
inside,information,1
permanent,control,1
lead,engineer,1
same,work,1
new,goal,1
successful,releases,1
full,time,1
big,welcome,1
crucial,elements,1
past,years,4
present,time,1
old,adage,1
few,minutes,2
future,history,1
brave,world,1
new,world,1
particular,future,1
small,commment,1
whole,thing,3
open,source,4
popular,browser,1
non-microsoft,browser,1
higher,echelons,1
enlightened,interest,1
large,projects,1
fascinating,viewpoint,1
inexpensive,way,1
more,bang,1
private,company,1
inevitable,clashes,1
gross,incompetence,2
dual,insurgencies,1
arab,insurgencies,1
massive,scale,1
spanish,contingents,1
international,affairs,1
administrative,experience,1
muslim,culture,1
few,arabists,1
experienced,arabists,1
ulterior,motives,2
social,experiments,1
iraqi,people,1
economic,shock,1
extreme,incompetence,1
double,dealing,1
ulterior,motive,1
trenchant,critic,1
recent,weeks,1
dark,motives,1
classical,fallacy,1
logical,fallacy,1
upper,reaches,1
muslim,cleric,1
militant,group,3
palestinian,group,1
lebanese,group,1
shiite,group,1
last,month,4
chief,aide,1
other,members,1
violent,conflict,1
happy,hour,3
slightest,idea,1
great,people,6
fantastic,friends,1
last,night,9
fucking,bitches,1
good,sources,1
direct,access,5
bilateral,contracts,1
direct,advocates,1
general,rule,1
strong,hand,1
upper,hand,1
privileged,information,2
other,use,2
perverted,man,1
old,man,2
quick,note,1
last,day,3
new,position,1
new,job,1
new,name,1
most,cases,1
conventional,name,1
first,name,2
last,name,1
confidential,material,1
other,persons,1
best,regards,5
direct,dial,2
direct,fax,1
close,sixth,1
highest,bid,2
other,companies,1
short,list,1
alternative,structures,1
additional,rfp,1
other,questions,1
financial,instruments,1
material,respects,1
recent,version,1
intrastate,agreement,1
senior,president,1
adverse,claims,1
necessary,corrections,1
necessary,changes,1
further,questions,1
clean,version,1
different,story,1
much,stuff,1
extra,bedroom,1
old,bed,1
fun,part,1
physical,cards,1
good,response,1
important,asses,1
certain,parts,1
few,theories,1
interesting,stuff,1
more,respect,1
other,humans,1
cool,job,1
free,download,2
next,time,4
confidential,communication,1
affectionate,relationships,1
ultimate,goal,1
intimate,union,1
mutual,trust,1
true,love,1
many,things,2
greater,prestige,1
considerable,esteem,1
emotional,person,1
little,affection,1
clear,thinker,1
own,person,1
own,convictions,1
straight,dealing,1
more,conflict,1
more,differences,1
raw,data,1
fisrt,tab,1
historical,file,1
new,link,1
unable,employees,1
imperial,ballroom,1
live,event,1
good,morning,2
special,provisions,2
prompt,feedback,1
attached,file,1
only,agreement,1
alternate,imbalance,1
aggregate,imbalance,1
several,sections,1
appropriate,changes,1
several,blanks,1
administrative,information,1
fed,id,1
geometric,model,1
brownian,model,1
hourly,price,1
ordinary,squares,1
least,squares,1
different,sign,1
standard,error,1
positive,sign,1
monthly,data,1
kindest,regards,1
best,solution,1
possible,intern,1
new,hire,1
bright,person,1
personable,person,1
good,flight,1
good,opportunity,1
good,chance,1
nice,day,2
stochastic,processes,1
net,shares,1
proper,withholding,1
fair,market,1
fractional,shares,1
personal,check,1
gross,shares,1
various,amendments,1
knowledgeable,expert,1
many,shares,1
common,stock,2
such,payment,1
new,rock,1
other,ideas,1
free,offer,1
first,site,1
devoted,companion,2
great,game,2
large,selection,2
best,sellers,1
specific,inputs,1
preliminary,interrogation,1
several,clues,1
vital,clues,1
ultimate,program,1
first,issue,1
local,organizations,1
delicious,reprint,1
hot,cover,1
new,cover,1
bad,news,2
non-human,animals,1
many,species,1
other,things,1
useful,things,1
last,message,1
japanese,website,1
real,pictures,1
strong,anti-smoker,1
good,luck,5
sophisticated,language,1
conversational,language,1
major,breakthrough,1
long,hair,1
good,family,1
new,home,1
former,leader,2
iraqi,leader,1
more,details,2
next,years,2
dear,members,1
multiple,afflictions,1
planetary,afflictions,1
national,chart,2
fourth,house,1
close,affliction,1
major,accident,1
indian,chart,1
many,parts,1
human,lives,1
new,pictures,1
cute,cats,1
high,quality,2
own,pictures,1
huge,archive,1
first,time,4
harmless,secret,1
first,thing,2
nice,nightgown,1
silky,nightgown,1
frequent,travelers,1
discount,airfare,3
cheap,tickets,3
certain,period,1
corporate,plans,1
other,services,2
better,service,2
promotional,airfare,1
foreign,visitors,1
certain,flights,1
other,airlines,2
excellent,airfare,1
complete,article,1
several,years,2
short,test,1
small,study,1
online,test,1
larger,population,1
behavioral,checklists,1
lengthy,test,1
intensive,test,1
same,tastes,1
young,age,1
strange,urge,1
sexual,releif,1
true,feelings,1
huge,on,1
few,words,2
mutual,enthusiasts,1
sincere,appologies,1
unlimited,news,2
uncensored,news,3
secure,news,2
specialized,servers,2
east,coast,2
total,privacy,2
freelance,journalist,1
natural,supplements,1
last,initial,1
natural,supplement,1
therapeutic,agents,1
warm,regards,1
small,village,2
indian,village,1
vast,amounts,2
local,land,1
mighty,corporation,1
great,wealth,1
few,months,4
short,months,1
free,fertilizer,1
bountiful,crops,1
wildest,dreams,1
present,day,1
toxic,metal,1
heavy,metal,1
human,life,1
last,week,6
similar,crimes,1
former,residents,3
current,complaints,1
qualified,residents,1
available,units,2
public,housing,3
affordable,housing,1
crude,oil,1
main,contract,1
light,crude,1
sweet,crude,1
top,level,1
offshore,facilities,1
global,markets,1
nonessential,staff,1
giant,plants,1
record,high,2
private,companies,1
wise,alternative,1
private,sector,7
public,good,1
corporate,world,1
commercial,project,1
financial,incentive,1
substantial,providers,1
bureaucratic,friends,1
palestinian,leader,2
potential,talks,1
better,job,1
interim,leader,1
upcoming,election,1
presidential,election,1
first,speech,1
official,speech,1
palestinian,dreams,1
upcoming,leadership,1
palestinian,refugees,1
northern,city,1
israeli,city,1
new,voice,1
political,voice,1
former,thinking,1
palestinian,organisation,1
militant,organisation,1
militant,leaders,1
unrestricted,strikes,1
new,attacks,1
israeli,strikes,1
israeli,soil,1
israeli,escalation,1
senior,official,1
own,agenda,1
political,agenda,1
palestinian,groups,1
civil,war,1
vast,battlefield,1
critical,error,1
only,thing,2
small,country,1
argentinian,foods,1
good,seafood,1
beautiful,beach,1
spanish,countries,1
more,info,1
own,website,1
human,statue,1
many,days,1
national,park,1
best,answer,1
first,person,1
bare,knuckle,2
certain,elements,1
good,clubs,1
much,space,1
senior,citizens,1
old,soldiers,1
stupid,name,2
great,name,1
fun,things,1
real,restaurant,1
migratory,birds,2
many,ways,6
different,ways,1
under,12's,1
right,owners,1
stranger,names,1
famous,trainer,1
good,recipe,1
other,empanadas,2
new,phone,2
new,friend,2
best,friend,3
academic,adviser,1
normal,photography,1
forensic,photography,1
first,phone,3
smart,phone,3
real,email,1
officiol,phone,1
touch,screen,1
same,$$$,1
faster,lens,1
only,f,1
full,video,1
stereo,recording,1
larger,screen,1
new,processor,1
international,cruise,1
private,cruise,1
few,days,7
public,place,1
irish,tune,1
only,line,1
great,restaurant,1
nearby,cities,1
romantic,walk,1
modern,day,3
most,people,2
final,vote,1
good,day,1
german,citizen,1
asian,airline,1
big,meal,1
main,meal,1
edible,ones,1
cheap,restraunts,1
close,restraunts,1
suburban,teenager,1
good,answer,1
visible,tattoos,1
good,time,2
perfect,place,1
good,option,1
male,cockatiel,1
unfertilized,eggs,1
bright,light,1
dark,spot,1
different,cities,1
different,names,1
bad,idea,1
most,men,1
nearby,alternative,1
automatic,storage,1
american,girls,2
open,mind,1
good,island,1
main,airpart,1
inclusive,resort,1
fun,activities,1
earlier,flight,1
argentinian,type,1
black,pudding,1
american,region,1
coagulated,blood,1
public,transport,2
available,kind,1
numerous,cabs,1
private,buses,1
white,line,1
global,reasons,1
political,costs,1
american,people,2
high,deserts,1
liberal,historians,1
tiny,kitten,1
little,kitten,1
creme,tabby,1
siamese,lynx,1
norwegian,cat,1
bright,eyes,1
blue,eyes,2
veiled,egg,1
female,chameleon,1
ordinary,eggs,1
same,cage,1
best,sights,2
short,time,3
key,sites,1
limited,time,1
early,afternoon,1
next,day,1
major,sites,1
more,time,1
amazing,experience,1
good,experience,2
few,times,4
more,options,1
online,agent,1
whole,time,1
indoor,pet,2
small,pet,1
proper,surroundings,1
easiest,thing,1
right,amt,1
small,rodent,1
french,male,1
new,relationship,1
big,deal,1
french,culture,1
first,move,1
french,men,1
french,women,1
sexy,dress,1
light,snack,1
light,meal,1
little,alcohol,1
unique,gifts,1
great,store,3
great,products,1
lovley,food,1
fab,chips,1
best,place,4
best,slice,1
square,slice,1
cheapest,drinks,1
mexican,food,1
miss,people,1
simple,away,1
quick,away,1
wonderful,staff,2
great,service,21
reasonable,service,1
good,food,11
favorite,spot,1
outstanding,firm,1
professional,firm,1
friendly,staff,2
nice,atmosphere,1
good,quality,5
indian,food,1
pleasant,environment,1
high,guality,1
good,price,3
horrible,water,1
other,complaints,1
easy,registration,1
helpful,staff,2
fun,teachers,1
awesome,sandwich,1
great,atmosphere,1
great,food,3
awesome,bagels,1
long,lines,1
nicest,people,1
good,standards,1
bad,food,1
bad,service,2
only,reason,3
great,job,12
new,plays,1
much,pepper,1
favorite,store,2
nice,place,4
cosy,room,1
good,fun,2
great,electrician,1
prime,rib,1
great,location,1
luxurious,environment,1
last,decade,1
more,prestige,1
international,level,1
homestyle,food,1
japanese,food,1
great,park,1
awesome,prices,1
great,spot,1
cool,ambience,1
free,cola,1
average,chain,1
crappy,chain,1
great,garage,1
great,knowledge,1
good,atmosphere,1
pleasant,staff,1
great,facility,1
great,instructors,1
amazing,job,3
good,florist,1
best,salon,1
multiple,times,1
great,theater,1
excellent,service,6
great,fun,1
poor,service,3
hard,work,3
delicious,meal,1
wrong,information,1
beautiful,hotel,1
high,class,1
private,area,1
great,school,1
diverse,body,1
american,body,1
worst,period,1
best,restaurant,1
mediterranean,restaurant,1
best,pizza,1
other,pizza,1
wonderful,service,3
beautiful,work,1
fast,shipping,1
great,communication,1
nice,people,4
good,job,3
favorite,restaurant,1
best,curry,1
yellow,curry,1
satisfying,outcome,1
next,event,1
good,cut,1
clean,rooms,1
free,breakfast,1
real,mechanic,1
great,place,10
good,sushi,1
small,side,1
quick,meal,1
old,daughter,2
good,value,1
complete,embarrassment,1
favorite,place,3
italian,music,1
excellent,lessons,1
excellent,pizza,1
only,place,2
worst,place,1
many,yrs,1
negative,reviews,1
different,laptops,1
good,shop,4
local,shop,2
best,pizzas,1
hidden,gem,1
great,value,1
nice,teachers,1
good,school,1
good,teachers,1
good,place,3
great,hangout,1
cold,beer,1
good,prices,2
daily,specials,1
next,service,1
dead,battery,1
quick,service,2
great,teacher,1
next,morning,1
mass,market,1
smaller,makers,1
former,location,1
good,men,1
great,help,2
new,website,1
best,service,5
full,grades,1
elementary,school,2
fast,food,3
awesome,place,1
many,strawberries,1
great,cream,2
wrong,location,1
great,idea,1
best,experience,2
best,hamburguers,2
best,lounge,1
stunning,views,1
little,restaurant,1
best,sushi,1
fantastic,cottage,1
fantastic,time,1
relaxing,atmosphere,1
inspiring,architecture,1
great,beach,1
nice,water,1
warm,water,2
great,specials,1
decent,people,1
local,company,1
born,daughter,1
new,patient,1
great,burger,2
bad,burger,1
best,photographer,2
great,way,2
many,images,1
spontaneous,images,1
single,meal,1
urgent,issue,1
lovely,cottage,1
charming,place,1
homely,place,1
friendly,place,4
excellent,host,1
yummy,breakfasts,1
last,minute,1
great,stay,3
creative,photographer,1
great,meal,1
chronic,pain,3
intractable,pain,1
human,being,1
best,company,1
first,meeting,1
successful,day,1
good,selection,2
nice,management,1
big,rig,1
huge,size,1
dark,room,2
main,room,2
electric,blanket,1
excellent,location,1
good,bar,1
accurate,out,1
next,block,1
fast,service,5
exceptional,lawyer,1
criminal,defense,1
new,jacket,1
new,sweater,1
overpriced,belts,1
obvious,lurking,1
best,pies,1
authentic,pies,1
british,pies,1
fantastic,food,1
fresh,food,1
neat,gem,1
warm,atmosphere,1
fresh,ingredients,1
prompt,service,1
new,system,2
solar,system,1
lovely,employees,1
top,condition,1
great,pedi,1
good,view,1
short,movies,1
beautiful,view,1
free,raffle,1
hard,drive,1
horrible,service,2
nice,gift,1
helpful,person,1
other,shops,1
pure,beauty,1
gorgeous,diversity,1
favorite,places,1
good,portions,1
great,price,2
enough,food,1
new,things,1
awesome,massage,1
best,glass,1
american,glass,1
good,deal,2
best,deal,2
useless,trip,1
good,pizza,1
huge,number,1
same,structure,1
unique,structure,1
regular,intervals,1
huge,menu,1
good,wrok,1
honest,wrok,1
fantastic,things,1
other,shop,1
many,years,3
wonderful,place,1
lowest,bed,1
last,salon,1
highest,level,1
old,school,1
good,name,1
single,cavity,1
dental,care,1
usual,place,1
cheap,place,1
large,variety,1
quality,hotdogs,1
typical,outfit,1
indie,outfit,1
old,posters,1
perfect,job,1
knowledgeable,staff,1
adult-learned,language,1
second,language,1
considerable,insight,1
neurocognitive,mechanisms,1
adult,learners,1
native-like,levels,2
neurocognitive,processing,1
such,levels,1
continued,practice,1
substantial,periods,1
limited,exposure,12
different,situations,1
foreign,language,1
present,study,1
substantial,period,2
native-like,processes,1
neural,processes,1
such,changes,1
higher,proficiency,1
native-like,processing,1
such,outcomes,1
classroom-like,contexts,1
previous,research,1
adult,training,1
behavioral,outcomes,1
observational,data,1
comprehensive,review,1
general,skills,1
specific,paradigms,1
grammatical,abilities,1
lexical,abilities,1
most,studies,1
retrospective,ratings,1
same,subjects,2
same,measures,1
different,set,1
longitudinal,study,1
such,loss,1
first,years,2
further,losses,1
higher,levels,1
less,attrition,1
such,gains,1
general,maturation,1
cognitive,development,1
continued,training,1
academic,training,1
dutch,librarians,1
american,space,1
communal,space,1
initial,meeting,1
most,participants,1
digital,humanities,1
administrative,level,1
dutch,libraries,2
academic,libraries,1
more,training,1
ideal,opportunity,1
educative,sessions,1
academic,librarians,1
other,libraries,1
own,librarians,1
natural,role,1
basic,competencies,1
methodological,competencies,1
technical,skills,2
diverse,group,1
basic,skills,1
self-directed,learning,1
daily,work,1
online,tutorials,1
professional,development,1
possible,subjects,3
constructive,alignment,1
full,day,1
conceptual,knowledge,1
hands-on,training,2
direct,contact,1
dutch,universities,1
new,scholars,1
digital,scholars,1
international,context,1
first,clinics,1
other,contexts,1
early,loves,1
early,education,1
formal,education,1
violent,bouts,1
deformed,foot,1
classical,studies,1
undistinguished,student,1
unskilled,cricketer,1
first,match,1
physical,exercise,1
desperate,love,1
later,memoirs,1
first,object,1
adult,feelings,1
sexual,feelings,1
settled,period,1
emotional,involvements,1
other,boys,1
great,vividness,1
nostalgic,poems,1
prescient,consciousness,1
sexual,differences,1
unremarked,relationship,1
romantic,relationship,1
younger,boy,1
stronger,impulse,1
kindred,hearts,1
close,friendship,1
constant,associate,1
later,years,1
violent,love,1
public,attitudes,1
severe,sanctions,1
public,hanging,1
other,hand,3
overt,relations,1
sexual,escapades,1
lifelong,friendships,1
liberal,politics,1
literary,matters,1
early,life,3
peruvian,rice,1
public,prominence,1
political,power,1
regal,presence,1
numerous,decrees,2
corresponding,tunnel,1
similar,structures,2
medical,treatment,2
full,regalia,1
military,regalia,1
legal,structures,1
own,hands,1
various,newspapers,1
peremptory,request,1
large,majority,1
1st,day,1
humorous,effect,1
unprecedented,reign,1
undated,proclamations,1
self-appointed,role,1
absolute,control,1
further,need,1
fair,expression,1
public,voice,1
open,violation,1
undue,influence,1
political,sects,1
interested,parties,1
imperial,decree,1
imperial,edict,1
suitable,force,1
other,weekend,1
long,time,4
many,times,2
complete,trust,1
little,nap,1
much,fun,1
dead,mice,1
different,states,1
yellow,anything,1
brown,thing,1
barren,time,1
wet,soil,1
yellow,dress,3
hot,palm,1
dry,palm,1
little,girl,2
half-understood,caution,1
rough,edge,1
palmed,glove,1
secret,animal,1
holy,water,1
damp,wood,1
deep,breath,1
navy,suit,1
young,man,2
tall,holder,1
wrought-iron,holder,1
long,space,1
faint,rustle,1
damp,concrete,1
soft,glove,1
soft,rain,1
escaped,convict,1
heavier,sound,1
particular,combination,1
own,calculations,1
secret,calculations,1
clandestine,purchases,1
whole,world,1
own,eyes,1
patriotic,islander,1
brightest,clothes,1
red,eyes,1
deep,valley,1
blue,valley,1
first,sign,1
yellow,man,3
lower,lip,1
golden,skin,1
such,yells,1
ill-mannered,yells,1
only,man,1
olondrian,wizard,1
well-received,treatise,1
native,city,1
still,figure,1
tall,man,1
hectic,screams,1
new,hauteur,1
old,kings,1
long,legs,1
raw,cashews,1
silver,hair,1
leaf-collecting,doctor,1
strange,man,1
silver,eyebrows,1
smooth,face,1
long,hands,1
fine-knuckled,hands,1
bald,ground,1
fleshy,hand,1
meteorological,experts,1
tropical,cyclones,5
high,heat,1
sized,piece,1
last,advisory,1
northwest,track,1
continued,decline,1
tropical,storm,1
tropical,depression,1
heavy,rains,2
warm,surface,1
latent,heat,1
mean,time,1
stronger,friction,1
dangerous,storms,1
subsequent,landslides,1
previous,cyclone,1
indian,government,5
societal,response,2
present,storm,1
several,events,1
past,mistakes,1
strong,cyclones,1
large,events,1
enough,information,1
mandatory,evacuations,1
mass,evacuations,1
extensive,damage,1
best,preparation,1
cyber,space,1
largest,evacuation,1
natural,disaster,1
indian,history,1
coastal,areas,1
strenuous,efforts,1
main,killer,1
indian,gov't,1
general,questions,1
high,school,2
individual,story,1
own,content,1
original,content,1
private,school,2
tiny-tiny,school,1
middle,school,1
common,friends,1
individual,series,1
more,news,1
few,projects,2
several,ideas,1
thick,sketchbook,1
different,characters,1
more,light,1
homeopathic,treatment,1
gross,negligence,1
nine-month-old,child,1
severe,eczema,3
effective,treatments,1
conventional,treatments,2
medical,treatments,1
alternative,medicine,2
peer-reviewed,journals,1
academic,journals,1
constant,breaking,1
severe,malnutrition,1
last,months,3
devastating,role,1
overall,health,1
severe,illness,1
conventional,treatment,1
other,homeopaths,1
rare,times,1
conventional,doctor,1
medical,doctor,1
social,life,1
busy,schedule,1
social,schedule,1
homeopathic,drops,1
common,use,1
cultural,differences,1
healthy,person,1
similar,symptoms,1
typical,treatments,1
original,substance,1
homeopathic,treatments,1
basic,concepts,1
well-understood,concepts,1
australian,children,3
primary,school,1
new,study,1
nutritional,status,1
enough,iodine,3
mental,retardation,1
edible,salt,3
simplest,method,1
cross-sectional,survey,1
aged,schoolchildren,1
voluntary,program,1
inadequate,intake,1
australian,population,1
urgent,implementation,1
mandatory,iodisation,1
most,iodine,1
national,study,1
pregnant,women,3
adequate,intake,1
serious,problems,1
most,countries,1
european,countries,1
voluntary,basis,1
chlorine-containing,sanitisers,1
iodine-containing,sanitisers,1
major,source,1
dietary,iodine,1
contributory,factor,1
few,manufacturers,1
australian,salt,1
urgent,calls,1
mandatory,salt,1
pregnant,woman,1
enough,hormone,1
adequate,development,1
other,problems,1
neurological,problems,1
pernicious,effects,1
normal,function,1
prone,areas,1
visible,goiter,1
severe,damage,1
prevalent,cause,1
daily,basis,1
serious,potential,1
adverse,effects,1
next,generation,2
mandatory,guidelines,1
sufficient,iodine,1
other,end,1
teenage,boy,1
whole,loaf,1
good,message,1
healthy,eating,1
senior,researcher,1
public,health,1
neuropsychological,consequences,1
impartial,justice,3
first,impeachment,1
common,sense,2
normal,circumstances,1
political,kinship,1
pertinent,information,1
republican,senators,2
military,aid,2
american,elections,1
foreign,interference,1
fair,trial,1
regular,order,1
own,gain,1
personal,gain,1
right,thing,1
impartial,jurors,1
future,generations,3
heavy,responsibilities,1
probable,cause,1
constitutional,responsibilities,1
democratic,side,1
whole,truth,1
natural,concepts,1
physical,entities,1
orderly,fashion,1
daily,routine,1
complex,processes,1
conscious,experiences,1
cognitive,experiences,1
unconscious,work,1
complex,cognition,1
essential,feature,1
human,consciousness,1
cognitive,psychology,1
human,thinking,1
other,processes,1
cognitive,processes,1
cognitive,psychologists,1
different,types,1
emotional,intelligence,1
countless,topics,1
other,topics,1
meaningful,categories,1
human,system,1
nervous,system,1
endless,streams,1
external,environment,1
nervous,impulses,1
relevant,pieces,1
future,use,1
external,environments,1
powerful,influences,1
staggering,amount,1
different,files,1
linguistic,information,1
big,ideas,1
cognitive,structures,1
different,elements,1
semantic,memory,2
later,chapter,1
easiest,places,1
individual,events,1
large,quantity,1
first-hand,accounts,1
overall,understanding,1
american,history,1
related,concepts,1
abstract,concepts,1
many,people,5
various,ways,2
other,concepts,1
ideal,friend,1
many,routines,1
daily,routines,1
best,example,1
civil,disobedience,2
peaceful,resistance,1
recognizable,example,1
honorific,title,1
peaceful,protest,1
british,tax,1
nonviolent,force,1
buddhist,leaders,1
steadfast,example,1
civil,prototype,1
direct,experience,1
interesting,week,1
general,medicine,3
nuclear,medicine,3
other,spots,1
few,studies,1
specific,organ,1
closest,node,1
wide,excision,1
few,scans,1
more,scans,1
loose,ends,1
different,rotation,1
dutch,drops,1
sore,side,1
beautiful,day,1
big,trip,1
random,vlog,1
metropolitan,population,1
western,civilization,1
first,settlements,1
pre-historic,settlements,1
largest,state,1
greek,mainland,1
larger,class,1
political,life,1
7th,century,1
social,unrest,1
strict,code,1
new,code,1
new,constitution,1
great,beginning,1
new,revolution,1
social,revolution,1
byzantian,rule,1
italian,trade,1
fruitful,period,1
19th,century,3
proper,city,1
various,locations,1
entire,area,1
urban,area,1
major,changes,1
lasting,changes,1
excellent,infrastructure,1
new,freeways,1
light,systems,1
historic,center,1
serious,renovation,1
classical,era,1
pleasant,streets,1
picturesque,districts,1
neoclassical,districts,1
lengthy,trip,1
provincial,village,1
national,capital,2
prestigious,past,1
political,importance,1
classical,ruins,2
better,times,1
new,city,1
grand,homes,1
neoclassical,homes,1
public,buildings,1
large,squares,1
green,spaces,1
wide,avenues,1
conscious,turn,1
decisive,turn,1
ottoman,past,1
greek,civilization,1
attractive,city,1
cosmopolitan,city,1
abundant,architecture,1
neoclassical,architecture,1
20th,century,1
rapid,development,1
minor,damage,1
extensive,planning,1
urban,planning,1
many,buildings,1
neoclassical,buildings,3
small,buildings,1
great,architects,1
greek,architects,1
rash,development,1
public,officials,1
public,services,1
late,1980s,1
early,1990s,2
rude,awakening,1
local,officials,2
remarkable,prosperity,1
large,scale,2
recent,decades,1
new,projects,1
historical,center,2
many,areas,1
former,areas,1
industrial,areas,1
charming,buildings,1
attractive,buildings,1
post-modern,buildings,1
newer,districts,1
aesthetic,essence,1
new,identity,1
21st,century,3
late,autumn,1
best,times,1
low,season,1
occasional,day,1
rainy,day,1
ideal,time,1
countless,travelers,1
other,travelers,1
main,roads,1
most,days,1
sunny,days,1
main,reason,2
better,conditions,1
atmospheric,conditions,1
largest,town,2
largest,share,1
different,island,1
smaller,island,1
many,lists,1
top,spots,1
japanese,ships,2
daring,raid,1
underwater,shipwrecks,1
coral,reef,1
many,beaches,1
beautiful,beaches,1
white,beaches,1
tiny,beaches,1
large,cliffs,1
stunning,locations,1
ancestral,domain,1
indigenous,tribe,1
sustainable,way,1
first,inhabitants,1
second,wave,1
nomadic,people,1
seafaring,people,1
old,customs,1
dominant,population,1
american,warplanes,1
japanese,shipwrecks,1
best,sites,1
deep,fishing,1
separate,municipality,1
official,creation,2
small,town,1
quaint,town,1
important,position,1
past,decade,1
rapid,influx,1
other,tourists,1
major,player,1
classic,three-liners,1
good,joke,1
best,ways,1
good,jokes,2
old,students,1
old,uncle,1
hard,rules,1
good,rules,1
elderly,people,1
crude,jokes,1
misogynist,jokes,1
full,audience,1
specific,group,1
ethnic,group,1
specialized,knowledge,1
old,movies,1
great,material,1
own,file,1
latter,option,1
easier,revision,1
basic,element,1
realistic,setup,1
real,world,1
humorous,edge,1
fundamental,part,1
good,foundation,1
incongruous,elements,1
individual,joke,1
additional,punchline,1
original,punchline,1
surprising,way,1
same,ground,1
countless,jokes,1
other,jokes,1
own,life,1
familiar,joke,1
different,things,1
awkward,pauses,1
sympathetic,friend,1
real,audience,1
little,cutie,1
fashioned,washboard,1
first,things,1
like,clothing,1
few,items,1
blue,jeans,1
long,sleeve,1
similar,clothing,1
top,part,1
front,part,1
long,run,1
few,seconds,1
more,pockets,1
small,tools,1
numerous,cycles,1
same,idea,1
light,load,1
less,water,1
fledged,system,1
good,thing,3
nice,engine,1
excellent,show,1
good,observations,1
next,pictures,1
important,operation,1
new,toolbar,1
online,marketer,1
few,ones,1
new,ones,1
much,time,1
nuclear,energy,2
iranian,government,3
nuclear,war,1
nuclear,power,2
peaceful,purposes,1
military,pressure,2
angry,crowds,1
anti-american,slogans,1
western,city,1
friendly,fire,1
sunni,clerics,2
dedicated,people,1
aggressive,leaders,1
american,leaders,1
local,commanders,1
tense,relations,1
arab,nationalism,1
sunni,fundamentalists,2
special,treatment,1
disproportionate,share,1
american,advent,1
idelogical,lines,1
actual,vote,1
little,while,1
important,news,1
miniscule,calibrations,1
front,pages,1
biggest,crisis,1
humanitarian,crisis,2
political,will,1
few,weeks,3
short,weeks,1
ethnic,violence,1
international,donors,1
dazzling,display,1
usual,justification,1
high,rate,1
less,money,1
ostensible,view,1
good,redistributors,1
actual,reason,1
usual,policy,1
intrinsic,worth,1
major,index,1
best,investor,1
last,century,2
medical,research,1
tremendous,value,1
prime,spot,1
excellent,essay,1
leftist,countries,1
terrorist,organizations,1
legitimate,forms,1
political,party,1
same,day,1
terrorist,group,1
upcoming,elections,1
parliamentary,elections,1
serious,debate,1
lebanese,process,1
political,process,1
terrorist,groups,1
legitimate,movements,1
cancerous,tumor,1
innocent,civilians,1
legitimate,resistance,1
recent,article,1
eventual,conflict,1
inherent,weakness,1
terrorist,organization,1
legitimate,organization,1
few,groups,1
sunni,groups,1
muslim,groups,2
willing,groups,1
main,force,2
mass,boycott,1
new,government,2
mortal,sins,1
same,sin,1
radical,movement,1
shiite,movement,1
iraqi,troops,1
enormous,sin,1
basic,humanity,1
national,guards,1
foreign,fighters,1
militant,clerics,1
last,spring,1
initial,assault,1
major,risks,1
anti-shiite,pogroms,1
few,nerves,1
islamic,fascists,2
anti-muslim,tensions,1
several,aircraft,1
executive,director,1
islamic,people,1
earlier,plot,1
islamic,fascist,1
possible,suspect,1
new,development,1
bitter,rivals,1
afghan,days,1
early,zeroes,1
worrying,sign,1
small,groups,1
aggressive,invasion,1
personal,loyalty,1
technical,definition,1
wahhabi,school,1
joint,enterprise,1
egyptian,extremists,1
distinctive,coloration,1
special,connection,1
salafi,school,1
modern,thought,1
islamic,thought,1
like,emphasis,1
original,practice,1
early,companions,1
violent,interpretation,1
worrisome,sign,1
local,fundamentalists,1
iraqi,fundamentalists,1
distinctive,insignia,1
orange,insignia,1
iraqi,crowds,1
smaller,groups,1
local,groups,1
fundamentalist,groups,1
key,mistakes,1
fair,mindedness,1
many,words,1
preeminent,threat,1
egyptian,component,1
wrong,threat,1
operational,links,1
good,targets,1
other,terrorists,1
great,whale,1
white,whale,1
imperial,hubris,1
counter-terrorism,divisions,1
real,cooperation,1
excited,chatter,1
radical,terrorists,1
special,ops,1
pakistani,space,1
pakistani,army,1
protective,elements,1
military,government,1
pakistani,soil,1
pakistani,facilities,1
few,things,1
great,dogs,1
nice,sarcasm,1
nice,somewhere,1
other,girl,1
brown,jacket,1
blonde,chick,1
next,weekend,1
next,month,1
good,relationship,1
old,project,1
overdue,margin,1
original,call,1
additional,information,1
preferable,alternative,1
broken,system,1
potential,spoiler,1
daily,dose,1
only,way,2
more,games,1
free,ticket,1
next,games,1
done,deal,1
last,season,1
stronger,will,1
suitable,number,1
fast,turnaround,1
related,party,1
earliest,convenience,1
separate,e'mail,1
excess,credit,1
related,issues,1
wholesale,services,1
blank,sample,1
sample,isdas,1
corporate,paragraph,1
blank,paragraph,1
similar,annex,1
appropriate,sections,1
general,feel,1
imminent,weather,1
cold,weather,1
best,time,2
new,deal,1
new,lawnmower,1
good,work,2
great,time,2
other,folks,1
extra,ticket,2
standard,template,1
global,contracts,2
administrative,coordinator,3
speculative,peak,1
big,rally,1
greatest,market,1
many,thanks,4
official,values,1
much,trouble,2
confidential,information,1
such,person,1
such,case,1
other,information,1
official,business,1
small,firm,1
toxic,tort,2
minor,defense,1
exceptional,package,1
healthy,salary,1
comprehensive,program,1
ample,room,1
bad,situation,2
depressing,stuff,1
own,shop,1
a,talent,1
own,outfit,1
good,contacts,1
natural,gas,1
defunctc,ompany,1
first,effort,1
top,risks,1
legal,risk,1
better,things,1
clean,drafts,1
last,financing,1
same,form,1
basic,form,1
senior,counsel,2
regulatory,counsel,2
new,address,1
new,amount,1
latest,draft,1
current,info,1
green,light,1
preliminary,thoughts,1
possible,avenues,1
additional,work,1
great,guy,1
quick,question,1
last,reviews,1
few,reviews,1
other,groups,1
potential,economics,1
ideal,environment,1
new,developments,1
correct,books,1
other,possibilities,1
better,half,1
accurate,count,1
additional,id's,1
first,times,1
respective,groups,1
same,format,1
global,operations,1
live,deals,1
financial,deals,1
old,elephant,1
african,elephant,1
uplifting,present,1
new,forum,1
interactive,discussion,1
active,participation,1
exciting,place,1
minded,individuals,1
little,amp,1
integrated,amp,1
big,opener,1
original,tubes,1
gay,marriage,1
baptist,pastor,1
happy,marriage,1
special,ingredient,1
double,dating,1
coupled,friends,1
lazy,star,1
good,book,1
new,series,1
brillant,scenes,1
lovable,heroes,1
compelling,line,1
next,part,2
fascinating,links,1
nice,post,1
urban,wildlife,1
secure,donation,1
more,cats,1
indian,capital,1
deadly,blasts,1
possible,worlds,1
artificial,hindrances,1
free,exchange,1
beautiful,site,1
wonderful,idea,1
inhibitory,systems,2
important,implications,1
cortical,operation,1
inhibitory,network,1
recurrent,networks,1
excitatory,networks,1
cortical,networks,1
precise,timing,1
costly,disaster,1
related,disaster,1
overwhelming,impacts,1
human,impacts,1
powerful,evidence,1
political,decisions,1
healthy,base,1
many,scientists,1
early,results,1
global,warming,1
destructive,power,1
daily,e-mail,1
such,e-mails,1
chilean,capital,1
economic,summit,1
other,allies,1
key,allies,1
level,field,1
free,peninsula,1
bilateral,meeting,1
annual,meeting,1
chinese,allies,1
chronic,disease,1
small,list,1
avid,photographer,1
different,servers,1
furry,animals,1
like,figurines,1
wholesale,figurines,1
cute,animals,1
cuddly,animals,1
little,animals,1
wholesale,clients,1
professional,vendor,1
full,color,1
wholesale,price,1
ready,catalog,1
minimum,order,1
total,order,1
personal,checks,1
magic,cubes,2
modern,art,1
chinese,calligraphy,1
modern,calligraphy,1
several,techniques,1
different,techniques,1
single,work,1
mathematical,logic,1
bass,notes,1
green,blazes,1
online,encyclopedia,1
next,target,1
online,dictionary,1
creative,ways,1
global,domination,1
major,defeat,1
short,description,1
local,area,1
kind,regards,1
little,boy,1
next,door,1
great,loss,2
other,children,1
timid,voice,1
lunar,transportation,1
unique,architecture,1
private,capital,1
wise,decision,1
recent,policy,1
new,policy,1
new,vision,1
sleek,rockets,1
single,rockets,1
first,rocket,1
new,rocket,1
upper,stage,2
lunar,landers,1
other,gear,1
extended,visits,1
gargantuan,launchers,1
big,launchers,1
powerful,rockets,1
new,rockets,1
greater,range,1
solid,rocket,2
new,stage,1
human,spaceflight,1
top,official,1
new,vehicle,1
metric,ton,1
external,tanks,1
future,missions,1
new,shuttles,1
current,models,1
early,launch,1
new,design,1
different,rockets,1
future,disasters,1
more,support,1
funny,stuff,1
right,idea,1
good,wife,1
bad,one,1
slight,impediment,1
irish,coffee,1
single,glass,1
essential,groups,1
pleasant,form,1
ideal,state,1
best,protection,1
green,tea,3
white,tea,1
good,restaurants,1
wonderful,contact,1
best,answers,1
major,forms,1
online,link,1
indian,state,1
particular,shop,1
good,foods,1
local,conditions,1
old,days,1
protective,film,1
fun,websites,1
funny,pictures,1
most,stores,1
good,sausages,1
big,breakfast,1
grand,slam,1
secret,chips,1
best,food,3
italian,food,2
good,suggestions,1
cowardly,dog,1
diffrent,painting,1
many,scupltures,1
various,contests,1
top,notch,1
free,champagne,1
french,champagne,1
many,airlines,1
preferential,terminal,1
indian,ringnecks,1
alexandrine,parrots,1
indian,ringneck,1
experienced,owner,1
other,breeds,1
rough,estimate,1
best,system,2
best,systems,1
sleek,look,1
good,speakers,1
good,set,1
worth,headfones,1
international,parcels,1
fast,resturants,1
near,suburbs,1
far,suburbs,1
big,area,1
previous,years,1
rich,mates,1
direct,flight,1
free,bottles,2
domestic,flight,1
pre-university,direction,1
many,pcs,1
good,slogan,1
argentinian,restaurant,1
certain,slogans,1
new,slogan,1
unique,proposition,1
mad,cow,1
compact,system,3
good,zoom,1
creative,ideas,1
cool,ideas,1
white,paper,1
weird,way,1
actual,word,1
fifferent,colors,1
captive,reptiles,1
romantic,night,1
cheap,date,1
random,nights,1
nice,nights,1
great,view,1
cheap,restaurants,1
hind,legs,2
past,days,1
hid,legs,1
physical,therapy,1
good,service,3
upcoming,events,1
american,food,1
great,list,1
different,restaurants,1
chinese,food,1
many,ounces,1
fluid,ounces,2
irish,pint,1
american,one,1
irish,pub,1
cheapest,pints,1
sized,pints,1
irish,music,1
more,bands,1
sensible,answer,1
similar,bands,1
good,raincoat,1
quality,raincoat,1
simple,one,1
fitted,one,1
black,one,1
light,rain,1
moderate,rain,1
good,raincoats,1
waterproof,raincoats,1
optical,lens,2
such,thing,1
digital,recording,1
individual,video,1
wrong,catagory,1
american,movie,1
good,places,2
other,places,2
top,places,1
best,cream,1
bl**dy,cream,1
best,chain,2
metro,area,1
great,formula,1
latest,spot,1
original,place,1
1/2,brick,1
yellow,bile,1
bland,rice,1
white,rice,1
sick,dog,1
several,times,2
different,generations,1
young,herder,1
same,subject,1
specific,restaurant,1
awesome,restaurant,1
raw,ingredients,1
large,hibachi,1
open,hibachi,1
medical,school,2
financial,reasons,1
free,time,1
cheapest,ticket,1
cheapest,fares,1
last,trips,1
good,deals,1
simple,way,1
daily,deals,1
daily,deal,1
first,date,1
casual,side,1
long,ride,1
many,exhibits,1
inside,exhibits,1
different,species,1
possible,option,1
australian,rainbows,1
awesome,fish,1
great,deals,1
great,pizza,1
great,gym,1
great,services,1
good,store,1
clean,store,2
nice,wash,1
awesome,service,1
great,deal,2
best,shrimp,1
friendliest,place,1
best,pilates,1
good,steakhouse,1
local,steakhouse,1
high,dollar,1
informative,website,1
bast,cab,1
pleasant,experience,1
cute,library,1
little,library,1
nice,library,1
local,crew,1
nice,lights,1
best,ceviche,1
nice,park,1
reasonable,prices,3
friendly,service,2
many,kids,1
many,knifings,1
many,taserings,1
worst,club,1
great,work,3
great,product,1
green,curry,1
red,curry,1
extra,vege,1
best,supermarket,1
wonderful,people,2
nice,bar,1
little,bar,1
greek,bar,1
great,wings,1
finest,store,1
german,store,1
awful,margarita,1
steep,prices,1
quality,work,1
only,shop,1
awesome,food,1
oily,sauces,1
good,hospitality,1
best,mani,1
amazing,beers,1
fun,beers,1
great,beers,1
amazing,service,2
best,club,1
new,number,1
mobile,number,1
poor,taste,1
lower,rating,1
negative,number,1
friendly,people,1
brilliant,service,1
worst,experience,1
rudest,person,1
new,decor,1
good,location,2
better,sandwiches,1
vegetarian,sandwiches,1
old,time,1
best,steaks,1
great,meats,1
top,quality,1
artistic,standards,1
contemporary,sandwicheering,1
small,children,1
best,orthodontics,1
straight,teeth,1
fantastic,couple,1
breathtaking,views,1
fabulous,accommodation,1
great,results,1
same,politeness,1
fantastic,experience,1
sheer,contrast,1
wooden,plank,1
decent,place,1
safe,part,1
best,electrician,1
reasonable,price,2
few,clients,1
comprehensive,service,1
excellent,communication,1
last,time,2
great,quality,1
great,care,2
only,attorney,1
perfect,score,1
delicious,food,1
healthy,food,1
great,style,1
wornderful,school,1
easy,closing,1
healthy,dose,1
nasty,attitude,1
rude,attitude,1
worst,school,1
superior,work,1
different,people,1
fine,place,1
better,options,1
exelent,job,1
superior,job,1
weekly,appointment,1
excellent,efficiency,1
much,water,2
previous,dryers,1
significant,saving,1
thai,food,1
much,favor,1
thai,restaurant,1
professional,work,1
amazing,gift,1
commercial,purpose,1
ok,food,1
slow,service,3
fantastic,service,1
professional,service,1
other,company,1
terrible,service,1
other,utilities,1
fair,amount,1
several,weeks,1
real,disaster,1
financial,institutions,1
medical,projects,1
fresh,flowers,1
long,while,1
awesome,job,1
back,yard,1
lovely,kebabs,1
happy,year,1
new,year,1
current,therapist,1
worst,food,1
regular,place,1
professional,staff,1
great,manicure,2
better,part,1
nice,feather,1
good,contractor,1
electrical,contractor,1
commercial,business,1
cleanest,guesthouse,1
little,console,1
enough,seating,1
successful,job,1
low,fees,1
satisfactory,mark,1
kind,staff,1
relaxed,place,1
best,therapist,1
many,bugs,1
bad,place,1
best,dentist,1
several,dentists,1
regular,customer,1
friendly,locals,1
front,register,1
greatest,man,1
amazing,things,1
great,doors,1
excellent,quality,1
spicy,side,1
different,times,1
extra,mile,1
first,call,1
other,people,1
computer,issues,1
great,selection,1
involved,steps,1
real,pleasure,1
extra,services,1
best,tailor,1
whole,life,1
good,indication,1
same,people,1
private,issue,1
little,trouble,1
whole,house,1
terrible,experience,1
noticeable,scarring,1
post-op,treatment,1
hidden,treasure,1
asian,mall,1
fantastic,menu,1
excellent,care,1
medical,care,2
urgent,care,1
convenient,place,1
rear,window,1
busy,city,1
busy,time,1
definite,no,1
incompetent,servers,1
lackluster,service,1
big,bucks,1
discriminating,diner,1
wonderful,atmosphere,1
friendly,atmosphere,1
regular,adjustment,1
chronic,condition,1
right,photographers,1
average,food,1
better,place,1
mexican,place,1
giant,plate,1
careless,kind,1
serious,adults,1
local,place,1
bigger,places,1
small,shop,1
mediocre,donuts,1
luster,product,1
different,style,1
tasty,meal,1
deep,massage,2
specific,issues,1
racial,groups,1
representative,sample,2
personal,experiences,1
social,science,1
adverse,consequences,1
mental,processes,1
conscious,biases,1
neurobiological,underpinnings,1
evolutionary,theorists,1
many,respects,1
social,policy,1
discriminatory,practices,1
mandatory,trainings,1
professional,settings,1
certain,policies,1
appreciable,amount,1
modern,society,1
prior,study,1
large,sample,2
american,sample,1
current,study,2
present,analysis,1
exclusive,categories,1
sexual,orientation,1
physical,disability,1
original,questionnaire,1
national,origin,1
prior,experiences,1
built-in,pattern,1
large,number,2
legitimate,skip,1
racial,category,2
differential,patterns,1
temporary,attrition,1
racial,background,1
demographic,variables,2
analytical,sample,1
additional,variables,1
continuous,measure,1
self-reported,sex,1
analytical,plan,1
exploratory,study,1
basic,steps,1
racial,categories,3
relative,proportions,1
potential,associations,1
bivariate,associations,1
design-based,f,2
complex,design,1
conventional,test,1
noninteger,degrees,1
second-order,correction,1
final,step,1
relative,distribution,1
various,reasons,1
standard,errors,1
child-bearing,names,1
other,communities,2
jóola,language,1
jóola,languages,1
atlantic,languages,1
former,region,2
former,kingdom,1
administrative,region,1
approximate,location,1
several,names,1
other,villages,1
usual,spelling,1
national,languages,1
native,speakers,1
jóola,varieties,1
lexical,similarity,2
other,languages,2
small,communities,1
migrant,communities,1
most,speakers,1
urban,areas,1
jóola,variety,1
other,peoples,1
jóola,peoples,1
endangered,language,1
new,generations,1
last,decades,1
different,language,1
czech,composer,2
next,composer,1
romantic-era,composer,1
worldwide,recognition,1
nationalist,example,1
own,style,1
fullest,recreation,1
national,idiom,1
symphonic,tradition,1
effective,ways,1
musical,gifts,1
early,age,1
apt,student,1
first,performances,1
public,performances,1
special,success,1
unreturned,manuscript,1
many,decades,2
further,symphonies,1
other,works,1
prominent,critic,1
original,version,1
excellent,sales,1
international,reputation,1
first,piece,1
religious,nature,1
many,performances,1
other,performances,1
own,works,1
own,music,1
successful,pieces,1
successful,works,1
orchestral,works,1
czech,spirit,1
national,spirit,1
choral,works,1
smaller,works,1
versatile,composer,1
danish,linguist,1
english,language,1
danish,philologist,1
secondary,languages,1
danish,parliament,1
doctoral,dissertation,1
english,system,1
academic,life,1
early,work,1
later,work,1
further,concept,1
comprehensive,view,1
native,language,1
syntactic,structure,1
idiosyncratic,notation,1
common,concepts,1
basic,definitions,1
grammatical,case,1
basic,texts,1
modern,linguistics,1
structural,linguistics,1
linguistic,point,1
educational,system,1
english,translation,1
more,logic,1
opposite,extreme,1
small,class,1
evident,echoisms,1
accidental,associations,1
international,community,2
linguistic,community,1
important,figure,1
international,language,1
early,supporter,1
own,project,1
honorary,degrees,1
international,scholars,1
honorary,members,1
deaf,ear,1
political,appointee,3
seasoned,politician,1
political,appointees,1
other,years,1
hard,way,1
red,pepper,1
good,stand,1
stratospheric,sunlight,1
clean,modernism,1
gray,modernism,1
chilly,air,1
wooded,parkland,1
antique,cars,1
broad-brimmed,hat,2
austere,bridge,1
bright,blobs,1
new,butter,1
high,drop,1
thin,shadows,1
translucent,shadows,1
five-kilometer-high,towers,1
civic,agent,1
current,population,1
average,age,1
net,immigration,1
current,squatright,1
personal,squatright,1
cubic,meters,1
first,trip,1
upper,levels,1
angry,swarm,1
hot,fear,1
brilliant,smile,1
heartbreaking,smile,1
fashionable,whorls,1
glowing,tattoos,1
formal,tattoos,1
massive,triceps,1
dry,throat,1
whalelike,oval,1
public,pool,1
sloping,mandala,1
silver,swarm,1
cloudy,soup,1
upside-down,overhangs,1
huge,drain,1
systemic,evolution,1
enough,people,1
anticontributive,behavior,1
capitalist,competition,1
major,servers,1
upside-down,floor,1
empty,rooms,1
miteless,rooms,1
chaste,dress,1
bashful,smile,1
unfamiliar,classroom,1
dusty,classroom,1
idle,remark,1
anatomical,drawings,1
plastic,dinosaurs,1
own,interests,1
diy,dentistry,1
little,labels,1
hand-written,labels,1
own,way,1
good,stuff,1
good,brushing,1
effervescent,tablets,1
exact,mixture,1
same,mixture,1
pink,mixture,1
other,kids,1
last,checkup,1
various,powders,1
shaped,contraption,1
hardest,part,1
acrid,jelly,1
warm,paste,1
own,saliva,1
front,teeth,1
metallic,duck,1
awful,slurp,1
gross,sensation,1
evil-smelling,slug,1
raucous,laughter,1
other,parts,1
same,treatment,1
blue,putty,1
toothy,grins,1
expert,eye,1
misaligned,incisor,1
mediocre,specimens,1
common,experience,1
presidential,candidate,2
presidential,qualifications,1
lower,office,1
unique,program,1
third,party,4
new,direction,1
working,class,1
republican,debates,1
republican,nomination,1
previous,campaigns,1
left,wing,1
successful,presidency,1
fellow,candidate,1
final,thought,1
same,opportunities,1
double,digits,1
gubernatorial,election,1
unusual,feat,1
latest,poll,1
former,chairman,1
outgoing,governor,1
parental,choice,1
former,governor,1
important,aspect,1
only,candidate,6
interracial,marriage,1
academic,background,1
other,candidates,1
real,solutions,1
political,spectrum,1
economic,freedom,1
personal,liberty,1
huge,increases,2
major,shortfalls,1
early,efforts,1
highest,achievements,1
huge,flaws,1
rational,decision-making,1
efficient,decision-making,1
decentralized,decision-making,1
greater,leadership,1
regulatory,reform,1
ethical,lapses,1
previous,candidates,1
gubernatorial,level,1
two-party,system,1
total,lack,1
modern,campaigns,1
major,party,3
respective,parties,1
better,something,1
workable,solutions,1
public,interest,1
hostile,legislature,1
independent,governors,1
wise,governor,1
third-party,governor,2
greater,effectiveness,1
many,positions,1
major,parties,1
good,aspects,1
bad,parts,1
strong,leadership,1
previous,governor(s),1
strong,advocate,1
30th,anniversary,2
first,launch,2
new,homes,1
30th,anniversay,1
first,shuttle,1
first,mission,2
final,mission,1
last,mission,2
39th,mission,1
toxic,materials,1
last,flight,1
national,treasures,1
many,employees,1
difficult,decision,2
american,public,2
greatest,number,2
best,opportunity,2
noteworthy,legacy,1
outstanding,access,1
final,choice,1
permanent,home,1
critical,role,1
political,favors,1
final,locations,1
final,home,1
dedicated,men,2
greater,community,2
misguided,decision,2
new,building,1
tremendous,amount,1
perfect,fit,1
top,running,1
respective,launchpads,1
full,trainer,1
former,ceo,1
other,shuttles,1
true,win,1
dynamic,museum,1
young,people,2
other,items,1
various,simulators,1
orbital,maneuvering,1
50th,anniversary,1
first,flight,1
sensitive,document,3
canadian,document,1
rainy,streets,1
rain-stained,envelope,1
tire-marked,envelope,1
brown,envelope,1
various,vulnerabilities,1
environmental,law-breakers,1
lowest,grade,1
classified,documents,1
scientific,notes,1
national,interest,1
approved,cabinets,1
serious,questions,1
sensitive,documents,2
conservative,government,1
own,colleagues,1
other,incidents,1
new,headquarters,1
rainy,street,1
indispensable,forum,1
multilateral,forum,1
global,problems,1
ecological,disasters,1
political,developments,1
concerted,action,1
joint,action,1
multilateral,agenda,1
past,months,1
momentous,changes,1
arab,world,3
own,fate,1
better,life,1
legitimate,demands,1
overwhelming,number,1
enormous,tide,1
systematic,violations,1
human,rights,2
peaceful,demonstrators,1
meaningful,dialogue,1
libyan,people,1
austrian,accounts,1
humanitarian,use,1
peaceful,change,1
constitutional,framework,1
democratic,change,1
sustainable,solution,1
secure,neighbourhood,1
direct,negotiations,1
concrete,timelines,1
general,debate,1
strong,record,1
tenth,anniversary,1
full,participation,1
austrian,contribution,1
international,efforts,1
political,decision-makers,1
recent,years,2
dynamic,hub,1
sustainable,development,1
past,year,1
universal,access,1
modern,services,1
renewable,energy,1
global,mix,1
substantial,support,1
alternative,concepts,1
nuclear,catastrophe,1
nuclear,safety,1
similar,course,1
early,ideas,1
atomic,theory,10
definite,proportions,1
earliest,discussion,1
basic,structure,1
ancient,philosophers,1
greek,philosophers,1
fifth,century,1
small,particles,2
finite,particles,1
greek,word,1
various,combinations,1
philosophical,concepts,1
aristotelian,view,1
english,schoolteacher,1
microscopic,features,1
modern,theory,1
smallest,unit,1
chemical,change,6
macroscopic,sample,1
identical,properties,1
chemical,properties,2
pre-1982,penny,1
brown,spheres,3
same,properties,1
other,elements,1
small,ratio,1
whole-number,ratio,1
same,ratio,1
powdery,compound,1
black,compound,1
red,spheres,2
shiny,solid,1
red-brown,solid,1
clear,gas,1
powdery,solid,1
black,solid,1
microscopic,explanation,1
many,properties,1
macroscopic,properties,1
simpler,substances,1
fewer,types,1
total,mass,1
green,spheres,5
certain,element,2
purple,spheres,5
single,unit,2
green,sphere,1
purple,sphere,1
small,ratios,1
whole-number,ratios,1
final,exam,1
same,thing,1
digital,calendar,1
little,calendar,1
final,list,1
whole,weekend,1
fun,anything,1
good,tip,1
female,system,1
reproductive,system,2
male,system,1
urinary,system,1
next,week,1
different,color,1
white,ones,1
right,size,2
other,pairs,1
left,foot,1
left,side,1
whole,day,1
direct,exchange,1
simple,exchange,1
exact,shoe,1
same,shoe,1
distinctive,skyline,1
larger,neighbor,1
beautiful,highlights,1
multicultural,city,1
radical,culture,1
second,home,1
classical,conductor,1
several,notables,1
other,notables,1
liberal,arts,1
amazing,diversity,1
long,history,1
many,visitors,1
first,place,1
first,neighborhoods,1
few,neighborhoods,1
real,essence,1
best,bet,1
diverse,nature,1
bilingual,signs,1
curious,traveler,1
unlikely,mixture,1
expensive,restaurants,1
posh,atmosphere,1
interesting,place,1
same,era,1
popular,area,1
burgeoning,neighborhood,1
avant-garde,art,1
vintage,architecture,1
several,restaurants,1
sweeping,term,1
commercial,centers,1
absolute,heaven,1
quieter,surroundings,1
italian-american,neighborhood,1
diversified,neighborhood,1
many,restaurants,1
korean,establishments,1
friendly,vibes,1
local,boutiques,1
diverse,range,1
open-air,markets,1
own,station,1
many,stops,1
pleasant,stops,1
picturesque,hills,1
single,restaurant,1
michelin-rated,restaurant,1
many,others,1
pleasant,walks,1
interesting,neighborhood,1
friendly,sort,1
suburban,sort,1
diverse,neighborhoods,1
full,evening,1
romantic,evening,1
pleasant,time,1
working-class,neighborhood,2
recent,past,1
major,earthquakes,1
industrial,development,1
effective,barrier,1
original,houses,1
victorian,houses,1
few,draws,1
poor,neighborhood,1
residential,neighborhood,1
spectacular,reputation,1
beautiful,harbour,1
main,town,1
common,destination,1
many,whales,1
numerous,places,1
most,budgets,1
overall,population,1
small,villages,1
other,islands,1
official,port,1
eastern,edge,1
strong,winds,1
high,season,1
few,people,1
many,companies,2
southern,point,2
main,island,1
attractive,setting,1
beautiful,harbours,1
usual,amenities,1
nearby,atolls,1
coral,atolls,1
superb,beaches,1
sandy,beaches,1
tropical,climate,1
average,temperatures,1
southeast,winds,1
main,islands,1
largest,island,2
indigenous,species,1
limited,vegetation,1
native,vegetation,1
tropical,vegetation,1
good,beaches,1
secluded,beaches,1
good,snorkelling,1
small,wetland,1
coastal,wetland,1
main,concentration,1
deep,water,1
red,flowers,1
early,summer,1
shady,bed,2
faster,results,1
direct,sunlight,1
local,center,2
own,cuttings,1
flat,sections,1
oval-shaped,sections,1
dry,place,1
dark,place,1
equal,parts,1
rough,pumice,1
appropriate,number,1
good,drainage,1
strong,sun,1
broad,sides,1
slim,sides,1
hottest,part,1
cold,winds,1
first,month,1
enough,nutrients,1
first,pad,1
second,pad,1
future,harvests,1
unpleasant,smells,1
toxic,chemicals,2
simple,ways,1
airtight,containers,1
natural,deterrent,1
tasty,morsels,1
lovely,smell,1
many,treatments,1
synthetic,treatments,1
most,health,1
major,stores,1
ultrasonic,sounds,1
electronic,units,1
ultrasonic,sound,1
local,store,1
single,line,1
exact,path,1
commercial,deterrent,1
organic,deterrent,1
organic,garden,1
traditional,poisons,1
natural,ingredients,1
local,gardening,1
specific,product,1
online,search,1
own,food,1
enough,energy,1
well-food,kitties,1
indoor,kitties,1
good,hunter,1
many,mousers,1
great,pets,1
large,infestation,1
wild,eater,1
many,mice,1
other,types,1
