major,states,-8.807798078270851
simple,observation,-5.956857859569057
true,amphibians,-8.410097966311563
aquatic,amphibians,-5.950666347674265
confused,terminology,-10.567765984494724
indigenous,resistance,-9.430751215374471
qualifying,alaskans,-7.139551352398794
later,anarchists,-9.087993146362317
editorial,note,-7.999236653738613
related,programs,-6.979085500443004
other,arms,-6.047948182491847
particular,disagreement,-8.68540583478614
commentarial,tradition,-11.066063797826521
low,albedos,-2.3103401206121505
stern,lecture,-6.942902196316618
american,history.mcpherson,0.0
unrecognised,branches,-14.618614920250803
heroic,actions,-7.537962390600146
academic,writers,-9.316077702191798
particular,imitations,-10.757390009366638
aquatic,phase,-11.916517576977123
last,volumes,-7.35624331889619
popular,theory,-7.683583768166384
emotional,support,-6.956362754838102
german,note,-12.361806733123322
terrestrial,amphibians,-7.410097966311563
manifold,ways,-12.420614635536705
more,radiation,-6.346666156745117
many,anarchist,-8.20728552894624
own,mind,-3.719838843702787
incomplete,1960s,-15.567629341173125
famous,poem,-4.950115741119866
direct,competition,-5.85059964863073
economic,influence,-8.27890456427321
tiny,frog,-7.34568244818678
fatal,disease,-6.982745259034452
various,loanwords,-8.578372691360805
egyptian,branches,-12.811259998193199
ivory,tower,-5.704073712608832
first,recording,-3.5395757304641116
chinese,languages,-8.530987266154742
scientific,shortcomings,-9.367414751246828
anarchistic,epistemology,-10.584022940257542
philosophical,debt,-14.786524895098022
same,place,-5.783155433771201
mystic,key,-13.271317116901379
social,impairments,-6.112760561032304
related,occupation,-9.191702208085985
mathematical,functions,-7.780340361779839
chest,tussles,-7.442943495848728
unlike,hector,-8.60177078840771
similar,topics,-6.164030063482501
modern,times,-5.493994858748563
important,means,-7.470020340751153
many,reviews,-6.136692834332694
3rd,edition,-4.871699396392238
undergoing,metamorphosis,-6.124121311829187
great,expectations,-3.3593497163797785
ancient,alphabet,-7.547996174367209
early,research,-7.6000607209904185
other,sports,-3.2567475105968082
rasopaniṣadvarious,works,-17.74215809465815
directional,reflectance,-6.3750394313469245
own,styles,-7.169576914743985
first,appear,-2.8274345091135658
specific,question,-6.597191210209752
entire,philosophy,-8.131978132693991
public,program,-7.771657464470003
most,studies,-6.984382726226574
inner,porch.mertens,0.0
disintegrative,disorder,-10.154978518411372
responsible,extent,-10.740811407482001
american,vessels,-6.137556369614593
slave,power.zarefsky,0.0
eventual,champion,-4.907018245950024
major,appearance,-7.439158548227265
biomedical,technologies,-10.819704427150395
future,research,-6.571652305804665
alaskan,method,-16.887637120203312
korean,anarchists,-9.087993146362317
long,form,-6.530634481260721
closest,signs,-15.13358375339287
busy,battlefield,-11.509775004326936
academic,degrees,-5.690612923533013
classical,painting,-8.198161669262845
spanish,politics,-9.175833037902215
british,ancestry,-7.463304101407827
inquisitive,prey,-12.965243172556892
higher,elevation,-4.173956286051739
early,anthropology,-9.186114239541643
congressional,district,-3.1784811777574475
unique,arts,-10.299706742342206
navigational,improvements,-11.346203442801844
auditory,signals,-10.19005759366398
proportionate,sum,-13.852480742522623
philosophical,tradition,-7.848540416011808
afroasiatic,languages,-10.129029593919888
red,linen,-7.238182529845874
empathic,individual,-12.831900986196421
colonized,path,-16.811362149153783
socialdemocratic,unions,-14.004615502764919
solid,premises,-12.325211746211023
specialized,treatises,-10.531056492603938
high,crown,-6.657237237329815
occult,studies,-13.523541537334605
municipal,courts,-7.484295682478475
western,esotericism,-0.6148520726400823
slow,journey,-8.507307818854144
critical,ideas,-11.30206767252652
benign,ridicule,-9.31628153174622
unprecedented,powers,-10.060069498062267
early,-to,-4.43726744666231
theoretical,astronomy,-5.839089238488651
commercial,success,-3.961475335399328
clear,skies,-2.746255959335249
efficient,form,-10.515429609649388
individual,tax,-6.735579659344998
extreme,praise,-10.939378863191923
illegitimate,authority,-11.841754547248447
largest,number,-6.499487927159668
special,protection,-6.597200708067945
feathery,gills,-6.090490533947906
short,tail,-4.452716006848021
old,union,-8.606339111346562
more,method,-9.933440809816437
medical,branches,-10.97475873047608
internal,demand,-9.107092955955348
presidential,nomination,-2.688397428797975
later,versions,-5.720872304036838
constitutional,court,-5.09157868344616
adhesive,pads,-6.89934378655517
structural,variation,-7.8780282551474645
literary,landscape,-9.170959171971095
negligible,resistance,-11.116115613053466
most,season,-10.711005065385692
anti-authoritarian,socialists,-8.42451624516691
most,scholars,-4.504735396591903
unusual,gestures,-10.149606003933494
black,carbon,-4.1153412103455125
-century,review,-16.586506307938443
common,ancestors,-4.546235010897757
more,viewers,-4.196862667603083
diverse,currents,-9.881802251147374
more,heat,-5.08045136069785
executive,suite,-5.050684553199185
academic,field,-8.048335497354993
main,hall,-3.2963347717902636
possible,relations,-10.26377006736963
negative,being,-12.180559060858137
autistic,questionnaire,-12.116993677546981
spiritual,interpretation,-9.342880262686155
crude,production,-7.6299154264962965
b,section,-9.628817234332537
next,beylerbey,-4.807354922057604
black,salamander,-5.688585131795314
new,president,-4.391277628384453
genetic,screening,-5.878815523306555
fue,transgresora,-1.0
latin,form,-9.93668563166339
russian,journal,-8.9646125119637
anti-syndicalist,anarchist-communists,0.0
greatest,gift,-5.989577877910785
natural,historian,-7.11637605286232
seasonal,vegetables,-5.406294300546273
challenging,fiction,-13.251059667615783
individual,desires,-6.848458221009066
old,children,-6.249714027565124
total,number,-3.6124445878204927
similar,structures,-6.657476920861194
civil,garnishment,-6.087462841250339
altruistic,action,-13.726667057131824
latin,contributions,-14.12426673746722
common,reducers,-7.8610869059953945
institutional,organisation,-11.62827026647477
recent,increase,-6.214073147475778
urge,relativism,-11.391780606013166
associated,events,-12.219265029392236
defensive,pose,-8.529006094747139
various,conditions,-6.726804089265022
general,grant,-7.028152741861305
total,personnel,-9.199207580021191
online,form,-5.983193099490842
evangelical,protestant,-3.7551826827355246
comparative,methods,-10.522600761675989
multiple,installations,-6.553429017920372
partisan,plotting,-7.503257859601925
many,focus,-8.522980543126206
long,arms,-4.772617676307144
certain,qualities,-6.386457439568254
flat,groundstrokes,-3.693896872274321
early,awakenings,-5.308578541228343
longer,histories,-8.631266526088666
native,origin,-8.480436371985329
charitable,player,-17.67783432018242
inclusive,fitness,-6.251705852681022
european,immigrants,-5.724827556173919
15th,century,-5.486755080492509
great,catastrophes,-6.287314339806026
special,importance,-6.259248494304439
alcoholic,beverages,-1.1429082802475712
local,cooling,-8.16752723017952
pro-human,rights,-13.992195484658842
granular,glands,-10.37467726364303
old,boy,-2.6253798469476735
major,way,-9.781795018639883
external,ear,-6.223806927407633
high,fatalities,-6.080853530628951
original,retreat,-11.739007027876065
mathematical,relation,-8.105384749247602
like,regions,-11.48960802929841
young,lady,-2.9812123873886076
initial,principal,-9.802208606591787
history,project,-6.019532583056899
current,head,-6.74421703228408
first,film,-3.8549138812962944
british,novelist,-4.0747850618234605
restrictive,standards,-11.636934210945135
industrial,development,-6.641892271742362
other,party,-5.1581457353605575
similar,policy,-9.273870629429215
high,areas,-7.531658865498153
standard,film,-11.520792582428012
inhibitory,networks,-14.487023514698466
involved,network,-12.030809810180983
visible,sake,-12.564149489985732
legislative,power,-7.706600207720605
left,hand,-3.6685622870611585
mountainous,hideaway,-10.391243589427443
secular,worldviews,-7.316766389771583
contemporary,currents,-9.503290627893644
complex,hosts,-10.137759661352185
ethnic,group,-5.359221281982567
more,people,-4.550882970646853
few,shields,-8.654636028527968
detailed,accounts,-6.837004445670564
own,temple,-7.64850255463109
green,grass,-3.014810719325771
mental,picture,-7.60279898148954
local,legislation,-6.852741789837612
attributable,effects,-13.038033032384725
ovid,metamorphoses,-1.8767885638190993
new,plan,-4.146440077171263
granular,gland,-12.817783121774534
aerosol,effects,-12.564101844052313
frequent,awakenings,-4.856066336530836
other,crops,-3.0397321581550365
monumental,styles,-15.824212943271952
few,bombings,-7.923327485419192
geographic,distribution,-5.197101126341748
greek,cosmology,-11.62935662007961
contrary,effects,-13.564101844052313
spanish,anarcha-feminist,-2.584962500721156
wide,response,-9.638542389878257
total,population,-3.076083830021476
permanent,service,-11.452860190094352
suitable,behaviours,-11.389362455643884
educational,experiments,-9.451528152827098
new,field,-5.412247993362927
stainless,division,-15.414630186869275
allowable,absences,-9.13647851834917
american,anarchists,-5.052369236631595
surreptitious,claims,-16.448213118667883
similar,position,-7.273646939333279
theoretical,works,-9.714252098088267
moderate,factions,-7.794237810806418
certain,rights,-6.927260296428354
educational,gains,-10.145346978721648
developmental,delay,-4.6202850351740885
plastic,products,-8.808044118574266
philosophical,anarchism,-4.673996049846723
political,campaigns,-3.4201045243035537
material,culture,-6.624683607897197
various,sub-fields,-3.033947331923337
largest,parts,-11.534400887313312
old,astronomer,-9.90388184573618
larvae,wriggle,-5.672425341971495
exceptional,talents,-7.272224063444988
aristotelian,tradition,-9.923619532806315
colonial,occupation,-7.940569891308482
religious,activity,-8.616754430901224
few,decades,-2.871147705248717
further,evidence,-5.473133641398736
entire,ingroup,-3.954196310386875
first,time,-2.4912042062004964
-mercury,theory,-17.103543946014273
disintegrative,share,-14.31352079850787
favourable,opinion,-9.481903570116266
nerve,cells,-8.764391797094746
unpopular,color,-12.883317483439999
important,cities,-6.701345948628843
photovoltaic,technology,-10.731394885490472
political,support,-7.042584431721659
multiple,theaters,-7.321482749910562
medical,schools,-6.285734048346171
chaotic,creativity,-11.238882373840578
office,statistiques,-5.426264754702098
several,languages,-4.963271381993657
executive,dysfunction,-6.935906495623187
main,traditions,-9.343603411024088
most,emmys,-5.362570079384708
simple,life,-8.010594126835102
other,divisions,-4.360297259393839
common,man,-7.443940646586739
federal,recognition,-5.154524151423983
general,attorney,-3.0480805734285976
full,consciousness,-6.536111564265465
same,time,-3.23323187761817
powerful,voice,-6.294818115494527
naval,assault,-9.251273541323577
hydrochloric,acid,-5.782054628652093
permanent,dividend,-7.975717719729633
late,1990s,-1.4226937159490145
modern,approaches,-7.405922121168372
particular,purpose,-5.500979300585987
contemporary,authors,-6.525248576353789
personal,y,-9.561884568572236
sacrificial,tripod,-8.030973603596133
poor,start,-6.214479156167533
allegoric,reference,-14.785265137235596
panoramic,fresco,-7.570804437724497
spiritual,entities,-8.666255044858476
major,speeches,-5.964028047975121
western,culture,-5.56220800853964
early,morning,-2.351331423872864
american,languages,-7.331846476919576
latin,author,-11.210830134720887
iron,ore,-0.7316401133824328
mutual,dependence,-5.604535746210649
careless,use,-11.371623434492012
reluctant,secessionists,-5.721099188707185
randian,rage,-13.1357092861044
black,blocs,-5.589375765223814
methodological,problems,-9.97216850968232
apotropaic,situation,-17.39817585298813
heavy,metals,-2.5884412493640845
-pressure,systems,-14.199393225046652
recent,estimate,-6.197792694170621
minded,toleration,-8.640244936222345
revolutionary,workers,-10.861705636991234
oriented,operations,-12.31055598152405
local,arrangements,-7.288269450758413
large,amounts,-2.4233257196926274
disparate,concepts,-11.646427454635111
influential,author,-9.723164835354645
rapid,changes,-7.444292149383685
voluntary,associations,-7.130164093501211
first,love,-4.313297360321178
landlocked,country,-8.726303321815085
dimensionless,nature,-15.493097072184888
subarctic,climate,-7.227477380863904
certain,illnesses,-6.0296110278989925
clinical,results,-8.457744095942388
east,side,-4.628662577857629
many,kinds,-3.0297793112873563
special,agreement,-8.018820542555327
single,hole,-6.708767925877986
common,toad,-3.528242055296614
true,intent,-5.575684687133146
local,residents,-2.823276034754553
northern,response,-13.556080229686284
later,researchers,-8.035566370582714
physical,capacity,-7.821724677885824
specific,problems,-7.039738346210685
sexual,roles,-9.65545162286216
second,earthquake,-6.862273820945836
individual,dynamiter,-1.9068905956085187
racial,segregation,-1.4055657620342625
oscar,season,-12.193853348454159
first,shot,-4.368670806715787
extreme,north,-5.428609076051369
anarchist,women,-15.005868870442077
other,aspects,-3.3598286099396706
philosophical,concepts,-7.613004453097661
anarchistic,teachings,-12.050443878564808
greatest,weight,-9.956204531215697
american,rotunda,-9.372865060112588
busiest,base,-13.773808873970804
visual,stimuli,-3.4703420269349863
potential,intervention,-9.295085946812915
italian,films,-7.175591954623085
minor,pig,-12.029057113714565
socialist,movement,-9.491883272868174
close,connection,-5.946246523626556
such,reasoning,-5.907763249422471
current,governor,-5.562703899208254
symbolic,images,-11.07155174609749
specular,radiation,-12.90890858096619
minor,streamlining,-7.149747119504681
unpleasant,results,-13.13515284542814
sensory,symptoms,-8.764945618754728
neurogenetic,studies,-18.430432132943125
austroasiatic,loanwords,-8.993410190639649
many,thousands,-1.4352272018864625
black,films,-8.417735332167165
economic,inequality,-2.478239351417063
important,positions,-6.61032824002543
small,prey,-4.110374789296657
industrial,outputs,-8.425830839703323
local,policies,-7.138254264177654
exact,nature,-6.600554255536336
general,population,-4.380188655766586
active,participation,-3.340977235111522
large,insects,-5.5440030297771425
worth,agreement,-11.895549167653591
odic,force,-11.99761008618956
faced,criticism,-6.665361481246894
definitive,edition,-8.65911244269112
non-autistic,peers,-10.818315874749896
spanish,workers,-9.33947889161804
famous,accusation,-9.004922678569045
quarterly,journal,-4.983483286063265
codify,segregation,-12.860892982338823
fraudulent,transmutations,-6.599912842187128
consistent,approach,-8.746152335830661
other,actions,-4.673639868598748
large,mouth,-5.650335057141163
early,decades,-5.865097224596708
septal,region,-13.27533339670207
other,topics,-3.268078035502848
chronological,order,-5.049620071750139
various,tribes,-5.1089692525396355
long,kacida,0.0
international,standards,-4.70088524726852
better,abilities,-8.38334429370964
resultant,tsunamis,-8.355351096424812
nearest,animals,-17.09243713958578
many,questions,-4.269635001983104
dead,logs,-8.733944699527274
theoretical,thinker,-10.67522197660502
major,parties,-5.239530596094733
particular,populations,-9.66750774252934
fourth,policy,-15.646010170270346
embryonic,development,-7.7128557780566975
northern,periphery,-4.940995806175141
other,discourses,-5.074042325488017
internal,images,-12.004437550238952
west,plays,-12.32575517299884
most,part,-3.9533916320963716
main,principle,-6.752972843566733
causative,s.,-10.145932145820515
vacuous,freedom,-14.608524358651442
final,text.reedstrom,0.0
competitive,nomination,-11.834471049984222
convincing,proposal,-14.153195747173585
victorian,revival,-8.713460163786692
further,snowfall,-9.963102502874419
major,movements,-7.245247960887765
better,value,-6.971919229767245
popular,voices,-9.714476207383465
high,reputation,-5.046331533254518
old,rivals,-5.090076934685481
set,research,-14.29395759326474
classical,form,-9.108559431241943
natural,rights,-7.633387324070332
practical,wisdom,-5.6595002690118275
akkadian,matches,-16.120136606447073
further,discussion,-4.841979443296944
own,setting,-8.311428692118852
european,slaves,-8.964307282769408
regular,service,-7.067374369440312
red,blood,-6.052196455627447
secret,knowledge,-8.546963478634972
uneven,heating,-7.800245534009226
open,victory,-10.512881523184046
white,interests,-10.951450304067972
italian,edition,-8.825233869452319
earliest,records,-7.591946670455741
fresh,snow,-4.882979704858137
american,system,-7.5503193999004115
specific,mutations,-5.48286128477212
single,factor,-6.019065181898789
wounded,son,-12.173444574839083
few,companies,-6.44718376938987
terrestrial,television,-6.618835979062206
special,achievement,-6.209388377902149
various,unions,-6.678186015642616
practical,philosophy,-8.036981618758245
ancient,communication,-13.30720080914081
several,facets,-5.75473395045869
much,forelimbs,-8.330916878114618
corinthian,capital,-9.619014675858153
tropical,oceans,-3.0114333052096907
aquatic,pipidae,0.0
official,numbers,-7.968408666111863
liberal,reforms,-6.5129628490270886
presidential,reconstruction,-9.164906926675688
genealogical,trees,-10.77602171525281
own,welfare,-5.677839150689044
gubernatorial,veto,-5.143404125189619
hermetical,views,-15.881627819697542
geometric,albedo,-3.2521139601562243
good,shepherd,-2.2658004743275466
right,wing,-1.7110208897369255
delphic,oracle,-3.6644244918968614
legislative,elections,-5.294970534349597
moral,foundation,-8.176854641785987
internal,appearance,-12.646094120824698
separate,diagnosis,-10.026146152265891
modern,stations,-9.17349060904983
closest,followers,-8.188421776231763
steady,rate,-8.896870420270453
neuropsychological,reports,-14.74703907109547
extant,manuscripts,-6.463710131983969
physical,science,-5.996060040454191
brief,article,-8.323965496105188
american,logo,-9.224467656545674
great,success,-3.4973594246321937
difficult,behaviors,-9.142289434528113
carnivorous,species,-11.349038350549339
modern,astronomy,-4.339678181882707
human,males,-6.519025712312857
largest,society,-8.527222632348153
good,life,-6.304579041811532
local,jurisdictions,-3.9325223052445235
numerous,heads,-7.907348230835477
current,demonstrations,-9.658860614389692
interdisciplinary,fields,-9.672528129509095
political,approach,-9.86498856534051
rational,interest,-10.409567726168056
legal,occupations,-7.1396663127591
traditional,food,-7.1206249798961885
extinct,prionosuchus,-1.0
diffuse,manner,-17.284679534360393
christian,beliefs,-6.7115201654639325
significant,aspect,-6.986492070690177
other,conditions,-4.501833123826797
tribal,states,-11.887525270741586
abnormal,activation,-7.81251630319936
armed,forces,-2.3704913418174556
strong,basis,-8.876358286222816
earliest,amphibians,-7.410097966311563
second,navy,-9.62398307037195
french,ideas,-11.286800915873211
financial,support,-4.312929332843954
public,choice,-8.851543197958167
set,decorator,-2.553629293916364
many,anarchists,-3.622018681858247
sacred,cave,-7.593971465876533
special,conference,-7.777550495763979
proudhonian,anarchism,-8.258958550567879
public,road,-6.103008205192882
new,temple,-5.2643338803199295
considerable,evidence,-8.280747458933192
occasional,moments,-9.126184046365259
universal,quantification,-3.7735803659145093
mendelian,condition,-16.28729153211929
ethical,contrast,-13.2807224475421
constitutional,officers,-8.091154183370564
high,seas,-1.8681286018890972
immune,function,-6.138048361208391
nutritional,supplements,-3.1998104230661593
humanistic,synagogue,-12.515946179109518
european,federations,-5.49752343787192
dendritic,spines,-4.070533244799183
physical,manipulation,-6.743933618886225
like,structures,-6.268795562704057
few,generations,-5.083981018774725
appellate,courts,-5.845460062168309
hourly,services,-11.086046078224854
nous,y,-11.561884568572236
slave,markets,-9.17334020638189
majority,elections,-17.159930449492197
original,train,-8.71349482076798
american,author,-2.896468553663059
contemporary,neo-liberalism,-1.7004397181410922
fy,2006–2007,-4.807354922057604
fatimid,treasury,-12.07112712494831
quaint,fantasy,-14.050741451023653
mathematical,relations,-11.34893745063231
new,class,-5.187120913751345
social,pedagogy,-4.859017041880097
fairy,story,-10.874395627421942
distinct,traditions,-8.534358907765263
northern,shrew,-5.374569574628592
human,characteristics,-7.3593560636394475
earliest,evidence,-7.061724913449575
large,farm,-4.885947155127646
permanent,settlement,-4.9960694989151335
precise,dating,-8.51967043547441
german,steelmaker,-5.224966365000274
more,diphthongs,-6.930737337562887
cloacal,vent,-9.885042633410881
social,equality,-3.624190125920311
historic,patterns,-9.492343996213597
scientific,evidence,-4.637036270921582
strong,effect,-7.4005282221534525
experimental,communities,-11.86363018059741
temporary,truce,-3.0246404529609627
related,patterns,-8.454624330264437
strong,gas,-11.019494502713977
formal,design,-11.188428583144024
economic,subjects,-9.47920982590499
austroasiatic,substrate,-12.538754774070387
solar,irradiance,-1.3468457270916918
first,studios,-6.783194703376155
antislavery,portion,-17.38988337214607
brackish,water,-7.980281828694173
great,achilles,-4.944365301027181
contemporary,thought,-7.498075340178138
important,link,-6.973578061891729
good,deal,-3.30312336861315
many,anthropologists,-3.5260196994808677
molecular,study,-8.885566363422862
independent,republic,-4.224995259642538
atomic,standard,-12.055855978415185
mesoamerican,culture,-11.713777534726464
various,types,-3.7813743204606105
certain,needs,-9.393108542699146
history,p.,-8.813001145217559
long,term,-1.2506612809321531
anthropological,references,-13.125211646966779
violent,confrontations,-2.9156819339098554
high,end,-2.8370188207785834
legislative,branch,-4.60324276678624
uncalcified,layer,-16.200314345409783
social,system,-8.092951565971452
early,childhood,-1.2318912223799945
moral,centrality,-5.849665726915569
long,rows,-5.703962784704789
magnetic,resonance,-1.3800855002381844
separate,family,-10.042644801085192
full,expression,-7.419967317234111
cgt,membership,-12.552989233994202
white,surface,-8.287793528863197
fertilised,eggs,-9.64948551649208
high,latitude,-3.9257282097875166
private,collector,-4.4442789246389225
infamous,lois,-5.6911619045530815
local,groups,-5.556303696014432
religious,minorities,-3.117066632832165
first,draft,-2.5322053374695397
high,school,-1.3124014154981118
other,form,-5.948418103812276
theoretic,example,-16.14567347529784
last,discovery,-8.793603309279407
many,people,-2.890290393433613
de,prácticas,-1.6629650127224291
chitinous,cuticle,-5.4476736477611265
several,dynasties,-5.6436424413424655
law,justice,-11.780090551843653
various,aba,-6.303780748177103
relative,service,-17.43014011359427
genetic,levels,-13.071060950425252
alternative,version,-8.479427738606397
many,jurisdictions,-3.3559650428519063
unaffected,members,-13.286188088618935
autistic,disorders,-8.306357279695682
upper,cheeks,-6.440081572591445
endocrine,activity,-15.069613395615036
modern,orders,-10.892570924291453
few,days,-2.035932968060667
supernatural,beings,-6.027863671544699
low,level,-4.4706989322209765
prey,predators,-9.860569718307154
older,dating,-8.55780556436118
last,battle,-5.291743397318555
communist,regime,-3.8663892553955233
classical,art,-8.49052485160714
christian,slaves,-8.583217115413902
social,wealth,-7.679137956455506
past,behavior,-7.641969835567981
ghost,town,-5.405512996817805
other,rivers,-4.203421251083727
classical,learning,-7.741102531418563
genuine,say,-11.537703747907644
cursive,forms,-11.914586370915247
current,account,-6.429222108059271
public,facilities,-5.821781433516454
observed,phenomena,-7.155830171556526
democratic,convention,-3.614271060833925
cushitic,languages,-10.702214926864691
emphatic,consonants,-6.2634268767487615
common,observation,-7.288933909832502
dark,hair,-4.77311129682456
social,anthropologists,-4.613482540731207
most,player,-5.662651604544907
great,grandson,-0.6701910202274988
spanish,football,-6.967267775837419
southern,border,-3.9872268218347955
white,males,-3.440551654289772
interior,design,-5.467872148681563
small,frogs,-4.8736744635083395
superb,move,-12.035783220170941
german,.a,-10.419960177847889
particular,causes,-9.833087738422007
social,factors,-6.464007695557134
significant,minority,-4.750191866093422
basic,trends,-10.191881731681008
other,communities,-4.31155497883802
de,francophones,-3.3923174227787607
such,behaviors,-6.088557450590322
greater,latitude,-4.582523455269739
atomic,scales,-8.907343425374966
present,papers,-8.931957918990559
unnecessary,force,-10.594850916689154
non-western,settings,-12.55215873312412
spanish,revolution,-8.230770108878932
basic,fields,-10.559634073103162
temporary,evil,-10.288744676064024
direct,connection,-4.285267011485516
technical,endeavor,-9.276124405274238
theoretical,emphasis,-11.3469373412395
academic,traditions,-9.25380674067344
cultural,ideas,-9.885112970253386
macedonian,palace,-12.319107575824983
monthly,review,-8.693204777077879
urbanized,oasis,-12.181152256865566
athletic,youth,-10.791717892232235
occasional,squeaks,-6.159871336778389
sex-specific,admixture,-10.855647166027266
french,société,-3.4668017242743074
monic,languages,-16.059766931482777
wrist,surgery,-10.18010545074943
full,satisfaction,-5.227375273626214
cultural,aspects,-7.235500474937469
american,anthropologist,-1.6354199262906821
agricultural,science,-7.6694139477688665
critical,parallels,-11.569380959522295
top,down,-3.355337693191059
l'internazionale,sede,-3.3923174227787607
many,gifts,-5.372501922793878
social,norms,-2.327424390558683
small,hole,-4.451330715551718
aquatic,salamanders,-5.3350925540858105
illegal,expropriations,-2.8220016980220053
full,set,-5.335028417223036
violent,death,-5.97898764375682
revolutionary,song,-11.387291867617758
many,areas,-4.703195959505152
own,men,-8.1231075186954
first,place,-2.8939343049197426
ludwig,mises,-0.5995082359189361
evolutionary,past,-8.052137023555623
other,factors,-2.3509668583611063
commercial,traffic,-5.882151458918072
delicate,balance,-5.156205468415804
full,understanding,-6.202302208215837
hermetic,philosophy,-10.665012841371286
fortified,outposts,-7.8095001938891615
several,archaeologists,-6.0240109738449075
german,language,-5.4497476296360805
dharmic,faiths,-10.113184027526183
agricultural,products,-6.505213081585406
apparent,tribute,-10.780197985697628
distinct,cultures,-7.866522423345367
foreign,scientists,-8.566983253368566
many,thunderstorms,-7.665039767119293
other,pains,-6.209453365628949
common,frog,-4.90689059560852
écrire,français,-8.766528908598865
american,entertainer,-3.378411820753543
european,editions,-9.253593480631572
same,site,-6.192777283673614
lean,average,-15.976877329653048
khmer,languages,-14.474804430761619
genetic,basis,-7.060230347603996
nested,structure,-11.959608267223302
native,peoples,-3.989866849257238
superior,faculty,-10.746646907568403
-alchemical,charlatanism,-4.807354922057604
infantile,autism,-6.229505524615442
advanced,salamanders,-7.4346282276367255
earlier,reconstructions,-6.941676459982601
small,leopard,-7.179287104646004
such,power,-7.463005473654089
numerous,edits,-9.734118811813925
rivendicazioni,rosso,-5.569855608330948
alchemical,body,-15.59345782004983
positive,feedback,-2.812146164604437
un,insulto,-0.362570079384708
american,hustle,-1.730651820234005
higher,development,-11.131415115278466
large,voting,-7.170117656185322
difficult,efforts,-12.093651835547528
greatest,player,-7.971626121581714
emotional,empathy,-5.37851162325373
deadly,plague,-4.852084778319412
comparatif,-sémitique,-1.0
hamitic,subgroup,-12.2428763671664
broker,equalization,-9.473705749619416
1st,ad,-4.388418805088087
discontinued,categories,-12.07360313012883
positive,liberty,-7.134589299778361
final,victory,-5.017286025168556
direct,roman,-8.739218045897585
hermetic,axiom,-7.584962500721156
atypical,responses,-11.882413789350096
other,cases,-4.145152554085655
environmental,effects,-6.749551420590505
medical,research,-5.596376719735355
many,objects,-5.525456707395431
whole,seconds,-8.335012184658595
heavy,appliances,-9.399004317906003
oldest,institutions,-8.711329642452153
numerous,dynasties,-8.13549553767214
islamic,alchemists,-7.703903573444663
handsome,men,-9.135707555475033
legal,party,-9.335338737266909
chemical,today,-16.417226209236432
reputational,concerns,-12.114084775716403
other,sciences,-5.5978723396883865
final,semifinals,-6.035277921915841
official,form,-9.145895582514916
modern,systems,-6.960606365459535
second,person,-6.344109492121397
cinematic,adaptation,-7.472276262203466
social,understanding,-9.336806711283547
human,consciousness,-3.751489063731805
distant,clocks,-10.58362008409793
several,teachers,-6.794109446963255
earlier,stages,-6.278009556335411
political,partnership,-9.28936023243093
comic,book,-4.428297586892988
great,suffering,-4.787022627233217
conservative,pundits,-3.6129090412240714
short,limbs,-5.408772358420785
legislative,session,-3.9643285667248147
various,clocks,-8.303512164905195
criminal,convictions,-3.335341839597451
experimental,method,-8.870828832516757
qualitative,aspects,-9.99469601648714
different,style,-6.437033228220573
wealthy,socialite,-3.0476618331923646
developmental,disorder,-6.448300109290523
other,amphibians,-3.3730086475763423
negative,censure,-9.905387005018131
higher,plants,-7.907549083091645
liquid,bronze,-11.438098749014179
high,taxes,-4.9279855358457
other,enactments,-3.820340563652084
libertarian,movements,-11.101806880946139
intellectual,anxiety,-12.084919087596543
former,building,-5.581162817141953
modern,term,-10.141230756350362
dvd,date,-13.351948265608804
11th,century,-6.50033546646427
left,anarchism,-5.59599353784545
demographic,dimensions,-11.830594430229425
agassi,enterprises,-15.22618637768788
long,highway,-7.408666301868083
french,anarchist,-4.6090262056116265
foreign,academies,-6.468099454586585
best,result,-3.8177598629264384
flame,retardants,-0.6023895724793409
non-trivial,works,-15.42022999977079
modern,economies,-6.510538355660824
conventional,wing,-9.906651812066745
constitutional,amendment,-3.2010372792995962
protective,tariff.luthin,0.0
military,governor,-2.3893037187675468
notable,events,-7.296296225770144
federal,employees,-4.183969884233733
most,villages,-6.290225657399295
algerian,officials,-11.763183409923572
spiritual,enlightenment,-3.0705607813399194
first,campaign,-5.5257056116441685
earliest,settlers,-5.075058045506491
negative,effect,-5.367195831039318
especial,pet,-11.943064208162003
several,kingdoms,-5.074920519787119
individualistic,philosophy,-11.802516365121221
next,cycles,-7.554588851677638
cheval,dans,-9.717105171805363
only,thing,-3.4827832425816503
austroasiatic,phylum,-8.562242424221072
clinical,depression,-4.224643977447059
parisian,milieu,-9.834075953434885
*r,*j,-4.459431618637297
egyptian,alchemists,-6.703903573444663
tame,deer,-8.49859992877026
heroic,performance,-11.961258162194497
political,crisis,-4.951939159927676
french,rule,-6.311236072085199
individual,sovereignty,-6.25521921336587
new,approaches.perlin,-1.0
constitutional,rights,-5.566679831713481
large,bank,-6.8319869597601635
animated,projects,-11.293786815743081
scholarly,interest,-12.556409114497328
partial,update,-10.19182239047015
actual,retaining,-6.22881869049588
few,pages,-4.526953920496318
perceptual,functioning—focuses,-1.584962500721156
railroad,cars,-9.721240933077127
notable,locus,-11.719816603018126
important,current,-9.990976671659318
kuwaiti,fields,-13.3983531660701
eastern,conquest,-11.551347783117778
largest,government,-12.306375298333538
military,bases,-2.500076425835365
feature,films,-5.299583529764513
new,light,-4.929420760764007
anti-authoritarian,interpretations,-14.42278750991785
algerian,government,-10.412781525338476
natural,disasters,-1.0674400730336977
different,takes,-3.799843911068967
educated,individuals,-8.794673336114737
difficult,conditions,-6.925236949023315
small,holdings,-5.293521150477936
congressional,seats,-6.838398893477914
29th,ceremony,-12.306441495943867
many,scholars,-3.5759904877200626
preservative,vaccine,-9.68402662825026
different,surfaces,-6.222042160363323
current,fields,-9.544204032533555
african,territory,-9.497728084119512
common,traits,-5.383919174292899
best,performers,-3.8824281282942827
spanish,c.n.t,0.0
small,packet,-5.228585508817519
basic,techniques,-5.926030785643421
personal,distress,-6.351706927516301
american,friend,-8.472627821266364
large,share,-5.123078779725045
other,devices,-3.393474605014063
unbroken,forest,-9.7878699188629
public,weeping,-8.002815015607053
positive,effects,-6.0286709291810325
continental,climate,-4.653241286735806
developmental,patterns,-9.949389022014016
cynical,follower,-13.271317116901379
own,happiness,-3.8344515415830074
much,numbers,-9.466057479890477
negative,connotations,-2.084415708277728
sustained,attention,-10.358621301871786
selfless,altruism,-7.057991722759176
few,places,-5.3326127596430855
first,singular,-3.3290589318940347
earlier,theory,-10.161029440675033
medieval,scholarship,-9.00200519518675
independent,activities,-10.523981934238881
italic,form,-14.469625920036265
se,lesbianas,-2.201633861169651
known,writers,-8.814104566141674
fiscal,year,-4.842574554035183
free,advocates,-5.949583566738836
middle,permian,-4.604862058158861
brute,force,-6.5662364316500454
characteristic,call,-11.950555897047511
high,latitudes,-2.272651302996726
prehistoric,fish,-6.970554060311603
impact,climate,-12.008837094388564
spanish,schools,-11.207991065216579
buddhist,monk,-6.849423285682725
fellow,citizens,-4.53121248156347
galactic,astronomy,-6.372521438569725
aristotelian,ideas,-13.608729010760573
rapid,eclipse,-12.707035524832701
first,session,-3.39181070563027
partial,view,-6.784393474678012
quid,rewards,-14.162548682199924
future,world,-8.778089857292063
academy,awards,-8.44930018556129
similar,organizations,-7.805331529187912
mid-5th,bc,-9.94171026155474
muslim,population,-6.409018079017127
foul,tasting,-7.358151670040319
direct,control,-5.727299671328971
occult,tradition,-12.624059250947408
-american,relations,-10.492301625803487
possible,assassins,-8.150381968817848
practical,applications,-5.932397797154808
former,students,-5.956551237761184
poor,tone,-9.12864472428949
regressive,autism,-5.014492633644592
eleven,soldiers,-12.390130561633487
central,region,-5.340905356075266
additional,challenge,-8.124064487084084
more,harm,-2.6695926392336506
agassi,stars,-16.913053014465557
true,philosophy,-8.325702668255689
anthropological,review,-13.542112188579988
strong,infatuation,-5.9874219339205315
lasting,impressions,-7.68492748391395
thirteen,opponents,-12.940359483663073
hermetic,education,-18.581608842399802
telegraphic,reports,-13.162076570374314
historical,reputation,-8.482493372568968
organized,boroughs,-6.6430966767059125
genetic,variation.university,-1.0
natural,surroundings,-3.5236490726924607
communist,current,-11.231984771163113
plethodontid,salamanders,-5.112700132749363
overall,biodiversity,-7.089119397915168
unsuccessful,businessman,-11.447526065024473
last,male,-7.588741789383583
entire,proceeds,-6.302273820200022
bare,sight,-11.814145462154684
godly,qualities,-12.340653749955129
common,topologies,-5.953301060565477
last,time,-4.7866482726245145
american,gangster,-2.4388676557673463
residential,programs,-8.537892891065784
plausible,explanation,-5.786730385304985
few,lines,-5.204524302124133
cognitive,science,-5.398773440987917
snare,drum,-5.644388451371203
original,oscar,-6.803915838090833
real,world,-3.0089523824628657
heavy,drinker,-2.483906333397787
